Workbook

Sheet Quiz
A4: General Knowledge Quiz
A5: Name: | B5: Alexis Ann R. Sumalpong
A6: No. | B6: Questions | I6: A | J6: B | K6: C | L6: D | M6: Answer
A7: 1 | B7: What is the capital of the Republic of the Philippines? | I7: Quezon City | J7: Manila | K7: Davao City | L7: Iloilo City | M7: B
A8: 2 | B8: Name of the oldest city. | I8: Bohon | J8: Boracay | K8: Cebu | L8: Palawan | M8: C
A9: 3 | B9: Where is the highest peak in the Philippines? | I9: Mount Pulag | J9: Mount Apo | K9: Mount Kanlaon | L9: Mayon Volcano
A10: 4 | B10: What does "www" stands for in a website browser? | I10: Wild West Web | J10: Wired World Web | K10: World Wide Wonder | L10: World Wide Web
A11: 5 | B11: What is "cynophobia"? | I11: Fear of dogs | J11: Fear of corn | K11: Fear of wolf | L11: Fear of water
A12: 6 | B12: What punctuations mark ends an imperative sentence? | I12: Period | J12: Exclamation Mark | K12: It's both A & B. | L12: ?
A13: 7 | B13: Who named the Pacific Ocean? | I13: James Cook | J13: Albert Eisten | K13: Ferdinand Magellan | L13: Your mom.
A14: 8 | B14: What is the name of the World's largest ocean? | I14: Atlantic Ocean | J14: Pacific Ocean | K14: Philippine Ocean | L14: Indian Ocean
A15: 9 | B15: What's the fastest land animal? | I15: Lion | J15: Cheetah | K15: Sloth | L15: Leopard
A16: 10 | B16: How many colors are there in the rainbow? | I16: six | J16: eight | K16: seven | L16: nine
A17: 11 | B17: What color is ruby? | I17: Green | J17: Blue | K17: Red | L17: Purple
A18: 12 | B18: What is the loudest animal on Earth? | I18: Blue Whale | J18: Elephant | K18: Sperm Whale | L18: Lion
A19: 13 | B19: How many hearts does an octupus have? | I19: No. It's 8 | J19: I think 6. | K19: Maybe, 10. | L19: Uhmm... it's 3
A20: 14 | B20: What is the shortcut for the "copy" function on most computers? | I20: Ctrl + C | J20: Alt + C | K20: Shift + C | L20: Caps + C
... A22: 16 | B22: What is the symbol for potassium? | I22: K | J22: P | K22: uM | L22: Na
A23: 17 | B23: What percentage of our bodies is made up of water? | I23: 60-65% | J23: 50-55% | K23: 1 | L23: 70-75%
A24: 18 | B24: Which bone are babies born without? | I24: Skull | J24: Knee cap | K24: Femur | L24: Spine
A25: 19 | B25: What is the largest human organ? | I25: Skin | J25: Heart | K25: Brain | L25: Stomach
A26: 20 | B26: What does the acronym AIDS stand for? | I26: Acquired Immune Deficiency Syndrome | J26: Advanced Immune Disorder Syndrome | K26: Absolute Immune Disorder Syndrome | L26: Acute Infectious Disease Syndrome

Sheet Answer Key
A1: Name: | C1: =Quiz!B5 -> Alexis Ann R. Sumalpong
G2: Score | H2: =COUNTIF(C3:F12,"1") -> 2 | I2: Percentage | J2: =H2/20 -> 0.1
A3: 1 | B3: =Quiz!M7 -> B | C3: =IF(Quiz!M7="B","1","0") -> 1 | D3: 11 | E3: =Quiz!M17 -> 0 | F3: =IF(Quiz!M17="C","1","0") -> 0
A4: 2 | B4: =Quiz!M8 -> C | C4: =IF(Quiz!M8="C","1","0") -> 1 | D4: 12 | E4: =Quiz!M18 -> 0 | F4: =IF(Quiz!M18="C","1","0") -> 0
A5: 3 | B5: =Quiz!M9 -> 0 | C5: =IF(Quiz!M9="B","1","0") -> 0 | D5: 13 | E5: =Quiz!M19 -> 0 | F5: =IF(Quiz!M19="D","1","0") -> 0
A6: 4 | B6: =Quiz!M10 -> 0 | C6: =IF(Quiz!M10="D","1","0") -> 0 | D6: 14 | E6: =Quiz!M20 -> 0 | F6: =IF(Quiz!M20="A","1","0") -> 0
A7: 5 | B7: =Quiz!M11 -> 0 | C7: =IF(Quiz!M11="A","1","0") -> 0 | D7: 15 | E7: =Quiz!M21 -> 0 | F7: =IF(Quiz!M21="B","1","0") -> 0
A8: 6 | B8: =Quiz!M12 -> 0 | C8: =IF(Quiz!M12="C","1","0") -> 0 | D8: 16 | E8: =Quiz!M22 -> 0 | F8: =IF(Quiz!M22="A","1","0") -> 0
A9: 7 | B9: =Quiz!M13 -> 0 | C9: =IF(Quiz!M13="C","1","0") -> 0 | D9: 17 | E9: =Quiz!M23 -> 0 | F9: =IF(Quiz!M23="A","1","0") -> 0
A10: 8 | B10: =Quiz!M14 -> 0 | C10: =IF(Quiz!M14="B","1","0") -> 0 | D10: 18 | E10: =Quiz!M24 -> 0 | F10: =IF(Quiz!M24="B","1","0") -> 0
A11: 9 | B11: =Quiz!M15 -> 0 | C11: =IF(Quiz!M15="B","1","0") -> 0 | D11: 19 | E11: =Quiz!M25 -> 0 | F11: =IF(Quiz!M25="A","1","0") -> 0
A12: 10 | B12: =Quiz!M16 -> 0 | C12: =IF(Quiz!M16="C","1","0") -> 0 | D12: 20 | E12: =Quiz!M26 -> 0 | F12: =IF(Quiz!M26="A","1","0") -> 0
